Row,Dealer ID,Dealership,Arrival Date,Model,Version,Exterior,Interior,VIN,Engine No,Customer,Source Pipeline Stage,Advisor,Advisor User ID,Address,Email,Source Notes,Proposed Phone,Source LOU AMT GYD,Source Deposit GYD,Inventory Review,Customer Review,Pipeline Review,Candidate Lead ID,Review Status,Customer Emails
1,1,GT Automotive,2026-08-12,YUAN PRO,GS 410KM NEDC,SKIING WHITE,BLACK,LC0CE4CB7V4016852,TZ200XSW 4D6002488,Carlyn Cato,Delivered,Sheri Rodrigues,208,"A and B cemetry Road, Lodge, Georgetown",,,,5500000,,No VIN match,No customer match,No lead match,,HOLD - review only,SUPPRESS
2,1,GT Automotive,2026-08-12,YUAN PRO,GS 410KM NEDC,SKIING WHITE,BLACK,LC0CE4CB5V4016851,TZ200XSW 4D5113206,Elizabeth Huntley,Delivered,Sheri Rodrigues,208,"Lot 67 Section 'M', Campbellville, Georgetown",,,,5200000,,No VIN match,No customer match,No lead match,,HOLD - review only,SUPPRESS
3,1,GT Automotive,2026-08-12,YUAN PRO,GS 410KM NEDC,SKIING WHITE,BLACK,LC0CE4CB1V4016863,TZ200XSW 3F6013711,Oneeda Bascom,Delivered,Sheri Rodrigues,208,"Lot 9 Fellowship, Den Amstel, West Coast Demerara",,,,5500000,,No VIN match,No customer match,No lead match,,HOLD - review only,SUPPRESS
4,1,GT Automotive,2026-08-12,YUAN PRO,GS 410KM NEDC,SKIING WHITE,BLACK,LC0CE4CB7V4016883,TZ200XSW 3F5088215,Raffeldo Christopher George & Anteisha George,Delivered,Sheri Rodrigues,208,"Lot 376 Third Street, Herstelling, East bank Demerara",,,,5500000,,No VIN match,No customer match,No lead match,,HOLD - joint customer structure requires confirmation,SUPPRESS
5,1,GT Automotive,2026-08-12,YUAN PRO,GS 410KM NEDC,SKIING WHITE,BLACK,LC0CE4CB9V4016867,TZ200XSW 3F6012861,Rondell Bourne,Delivered,Sheri Rodrigues,208,"Lot U 88 Guyhoc Gardens, Georgetown, Guyana",,,,5500000,,No VIN match,No customer match,No lead match,,HOLD - review only,SUPPRESS
6,1,GT Automotive,2026-08-12,YUAN PRO,GS 410KM NEDC,SKIING WHITE,BLACK,LC0CE4CB0V4016885,TZ200XSW 3F6001022,Euyette Cameron,Delivered,Joublon Beaton,206,"Lot 13 La Flora Gardens, Eccles, East Bank Demerara",,,,5500000,,No VIN match,No customer match,Exact-name candidate - confirm identity before updating,8383,HOLD - do not create another lead,SUPPRESS
7,1,GT Automotive,2026-08-12,YUAN PRO,GS 410KM NEDC,SKIING WHITE,BLACK,LC0CE4CB1V4016846,TZ200XSW 3F6003521,Yogesh Kumar Etwaru,Delivered,Eion Narine,200,"Sublot 'A', Tract 'C', Block 'Q', Rotterdam, West Coast Demerara",,625-1891,+5926251891,5200000,300000,No VIN match,No customer match,No lead match,,HOLD - confirm phone from Notes and financial meaning,SUPPRESS
8,1,GT Automotive,2026-08-12,YUAN PRO,GS 410KM NEDC,SKIING WHITE,BLACK,LC0CE4CB5V4016879,TZ200XSW 4D6002725,Amit Mohabir,Delivered,Eion Narine,200,"Lot 1529 Diamond new scheme, East Bank Demerara",,,,5500000,,No VIN match,No customer match,No lead match,,HOLD - review only,SUPPRESS
9,1,GT Automotive,2026-08-12,YUAN PRO,GS 410KM NEDC,SKIING WHITE,BLACK,LC0CE4CB2V4016869,TZ200XSW 3F6000263,Temica Sparman,Delivered,Sheri Rodrigues,208,"Lot 73 Old Road Nismes, West Bank Demerara",,610-9487,+5926109487,4675000,,No VIN match,No customer match,No lead match,,HOLD - confirm phone from Notes and financial meaning,SUPPRESS
10,1,GT Automotive,2026-08-12,YUAN PRO,GS 410KM NEDC,SKIING WHITE,BLACK,LC0CE4CB7V4016866,TZ200XSW 3F6000903,Otella Linda King,Delivered,Sheri Rodrigues,208,"Lot 307 Section A Melanie Damishana, East Coast Demerara",otellaking74@gmail.com,,,5500000,,No VIN match,No customer match,No lead match,,HOLD - review only,SUPPRESS